ID_CARGO,CARGO
1107,Vestiarista
1108,Operador de Máquina de Lavanderia
1145,"PROFESSOR ENSINO BÁSICO, TÉCNICO E TECNOLÓGICO - SUBSTITUTO"
1146,"PROFESSOR ENSINO BÁSICO, TÉCNICO E TECNOLÓGICO - VISITANTE"
1155,PROF TITULAR-LIVRE - MAG SUP - VISITANTE
1156,MAGISTÉRIO SUPERIOR - MP 614 - 14/05/2013
1163,RESIDENTE
1165,CHEFIA EBSERH/HUSM
1245,GEÓLOGO
1264,AUXILIAR DE SERVIÇOS MÉDICOS
1333,TERCEIRIZADOS
1334,PROFESSOR DA EDUCAÇÃO INFANTIL
993,Sonoplasta
994,Telefonista
1015,Atendente de Enfermagem
1016,Técnico em Nutrição e Dietética
1025,Técnico em Restauração
1026,Técnico em Saneamento
1035,Auxiliar de Anatomia e Necropsia
1036,Auxiliar de Cenografia
1041,Auxiliar de Figurino
1042,Auxiliar de Laboratório
1053,Conservador de Pescado
1054,Contramestre Fluvial-Marítimo
1063,Marceneiro
1064,Marinheiro
1101,Oleiro
1102,Pescador Profissional
1113,Auxiliar de Artes Gráficas
1114,Marinheiro de Máquinas
1121,Técnico em Manutenção de Audio Vídeo
1122,Técnico em Secretariado
1135,ESTAGIÁRIO OBRIGATÓRIO
1136,ESTAGIÁRIO NÃO-OBRIGATÓRIO - SIE
1143,CARGO ISOLADO - MAG ENS BÁSICO - LEI 12.772/2012
1144,PROFESSOR TITULAR-LIVRE -  ENS BÁS TEC TECNOL
1205,DATILÓGRAFO
1206,FARMACÊUTICO
1265,SERVENTE DE PEDREIRO
1285,AUXILIAR ADMINISTRATIVO
1335,AGENTE DE TELECOMUNICAÇÃO E ELETRICIDADE
1344,COZINHEIRO
1047,Auxiliar de Processamento de Dados
1048,Barbeiro
897,Operador de Camera de Cinema e TV
898,Revisor de Textos Braile
917,Cenotécnico
918,Contra Regra
955,Mecânico
956,Mestre de Embarcações de Pequeno Porte
961,Operador de Central  Hidrelétrica
962,Operador de Destilaria
967,Operador de Máquinas de Construção Civil
968,Operador de Máquina Copiadora
979,Técnico em Enfermagem do Trabalho
980,Técnico em Enologia
991,Técnico em Metalurgia
992,Técnico em Meteorologia
1009,Técnico em Móveis e Esquadrias
1010,Assistente de Som
1043,Auxiliar de Mecânica
1044,Auxiliar de Metereologia
1061,Jardineiro
1062,Lancheiro
1069,Montador Soldador
1070,Operador de Tele-Impressora
1081,Auxiliar Rural
1082,Auxiliar de Limpeza
1029,Técnico em Telecomunicação
1030,Técnico em Telefonia
1055,Bombeiro Hidráulico
1056,Copeiro
1071,Padeiro
1072,Pedreiro
1093,Auxiliar de Padeiro
1094,Auxiliar de Sapateiro
1115,Marinheiro Fluvial de Máquinas
1116,Segundo Condutor
1123,Técnico em Eletrônica
1124,FUNÇÃO GRATIFICADA SEM VÍNCULO
1129,PROFESSOR TITULAR ENSINO BÁS.TÉC. e TECNOLÓGICO - VISITANTE
1130,BOLSISTA RECÉM-DOUTOR
1133,ESTAGIÁRIO (LEI nº 11.788/2008)
1134,ESTAGIÁRIO  NÃO-OBRIGATÓRIO
1141,"MAG. ENS. BÁSICO, TÉCNICO E TECNOLÓGICO - LEI 12.772/2012"
1142,"PROFESSOR ENSINO BÁSICO, TÉCNICO E TECNOLÓGICO"
1184,PROFISSIONAL TÉCNICO ESPECIALIZADO EM LINGUAGEM DE SINAIS
1204,AGENTE ADMINISTRATIVO
1037,Auxiliar de Cozinha
1038,Auxiliar de Curtume e Tanantes
1077,Tratorista
1078,Vidraceiro
1085,Auxiliar de Dobrador
1086,Auxiliar de Encanador
1091,Auxiliar de Marcenaria
1092,Auxiliar de Oficina de Instrumento Musical
1083,Auxiliar de Alfaiate
1084,Auxiliar de Carpintaria
947,Técnico em Edificações
948,Assistente de Laboratório
1033,Visitador Sanitário
1034,Vigilante
1039,Auxiliar de Eletricista
1040,Auxiliar de Farmácia
1045,Auxiliar de Microfilmagem
1046,Auxiliar de Nutrição e Dietética
1051,Compositor Gráfico
1052,Costureiro
1057,Desenhista Copista
1058,Eletricista de Embarcação
1065,Marinheiro Fluvial
1066,Massagista
1075,Sapateiro
1076,Seleiro
1103,Servente de Limpeza
1104,Servente de Obras
1111,Farmacêutico Bioquímico
1112,Redeiro
895,Assistente de Tecnologia da Informação
896,Montador Cinematográfico
907,Auxiliar de Creche
908,Auxiliar de Enfermagem
959,Motorista
960,Operador de Caldeira
983,Técnico em Farmácia
984,Técnico em Geologia
995,Tipógrafo
996,Torneiro Mecânco
1003,Técnico em Mineração
1006,Armador
840,Médico Veterinário
841,Mestre Fluvial
852,Psicólogo-Área
853,Produtor Cultural
879,Assistente em Administração
880,CLASSE C - PCCTAE
1001,Técnico em Microfilmagem
1002,Apontador
953,Locutor
954,Mateiro
951,Técnico em Eletrotécnica
952,Técnico em Eletromecânica
3,TECNICO DE COOPERATIVISMO
4,ADMINISTRADOR
15,BIBLIOTECARIO/DOCUMENTALISTA
16,BIOLOGO
27,DIRETOR DE IMAGEM
28,DIRETOR DE PRODUCAO
37,ENGENHEIRO AGRONOMO
38,ENGENHEIRO CIVIL/ESPECIALIDADE
43,ENGENHEIRO FLORESTAL
44,ENGENHEIRO MECANICO/ESPECIALIDADE
49,ESTATISTICO
50,FARMACEUTICO
53,FILOSOFO
54,FISICO
63,MEDICO VETERINARIO
64,METEOROLOGISTA
86,SOCIOLOGO
87,TECNICO DESPORTIVO
94,PRODUTOR ARTISTICO
95,PROCURADOR FEDERAL
105,AUXILIAR DE FIGURINO
106,AUXILIAR DE SAUDE
159,PROGRAMADOR DE RADIO E TELEVISAO
160,RECREACIONISTA
165,OPERADOR DE COMPUTADOR
167,TAXIDERMISTA
176,TECNICO PISCICULTURA
177,TECNICO RESTAURACAO
182,CINEGRAFISTA
183,DESENHISTA PROJETISTA
350,AUXILIAR DE MICROFILMAGEM
360,VIDRACEIRO
391,JARDINEIRO
392,MARCENEIRO
399,OPERADOR DE MAQ COPIADORAS
400,OPERADOR DE MAQ DE TERRAPLANAGEM
777,PROFESSOR 3 GRAU
778,PROFESSOR 3 GRAU - Substituto
799,Assistente Técnico de Embarcações
800,Astrônomo
832,Geógrafo
833,Geólogo
850,Pedagogo-Área
851,Primeiro Condutor
869,Sociólogo
870,Técnico Desportivo
887,Diagramador
888,Administrador de Edifícios
913,Auxiliar de Veterinária e Zootecnia
914,Brigadista de Incendio
29,DIRETOR DE PROGRAMA
30,DIRETOR DE SOM
35,ENFERMEIRO DO TRABALHO
36,ENGENHEIRO AGRIMENSOR
47,ENGENHEIRO QUIMICO/ESPECIALIDADE
48,ENGENHEIRO DE SEGURANCA TRABALHO
59,HISTORIADOR
60,JORNALISTA
65,MUSEOLOGO
66,MUSICO
69,OCEANOLOGO
70,ORTOPTISTA
102,AUXILIAR ADMINISTRATIVO
103,AUXILIAR DE CENOGRAFIA
109,BOMBEIRO
110,CONTRAMESTRE/OFICIO
115,DISCOTECARIO
116,ELETRICISTA/AREA
125,LINOTIPISTA
126,MANDRILADOR
145,ASSISTENTE DE PRODUCAO ARTES CENICAS
146,CAMAREIRO DE ESPETACULO
153,LOCUTOR
154,MAQUINISTA DE ARTES CENICAS
157,OPERADOR DE LUZ
158,OPERADOR DE RADIO-TELECOMUNICACOES
161,SONOPLASTA
162,ALMOXARIFE
172,TECNICO ESTATISTICA
173,TECNICO HERBARIO
210,TECNICO EM ENFERM DO TRABALHO
211,TECNICO EM ENOLOGIA
238,TRADUTOR E INT DE LING DE SINAIS
239,VISITADOR SANITARIO
405,PINTOR DE CONSTR CENICA E PAINEIS
406,RECEPCIONISTA
789,PESSOAL TEC/ADM -  (NS)
790,PESSOAL VOLUNTÁRIO
45,ENGENHEIRO METALURGICO/ESPECIALIDADE
46,ENGENHEIRO DE MINAS/ESPECIALIDADE
129,OPERADOR DE CALDEIRA
130,OPERADOR DE CENTRAL HIDROELETRICA
137,TIPOGRAFO
138,TORNEIRO MECANICO
141,ADERECISTA
142,ADMINISTRADOR DE EDIFICIOS
147,CENOTECNICO
148,CONFECCIONADOR INSTRUMENTOS MUSICAIS
198,TECNICO EM CARTOGRAFIA
199,TECNICO EM CINEFOTOGRAFIA
206,TECNICO EM ELETROMECANICA
207,TECNICO EM ELETRONICA
321,AUXILIAR DE PADEIRO
322,AUXILIAR DE SERRALHEIRA
815,Diretor de Produção
816,Diretor de Programa
836,Imediato
837,Jornalista
929,Técnico em Contabilidade
930,Contramestre-Ofício
963,Operador de Est de Tratamento de Água-Esgoto
964,Operador de Máquinas Fotocompositoras
971,Programador de Rádio e Televisão
972,Porteiro
977,Seringueiro
978,Técnico em Enfermagem
987,Técnico em Hidrologia
988,Técnico em Instrumentação
1013,Assistente de Montagem
1014,Atendente de Consultório-Area
1125,"MAGISTÉRIO ENSINO BÁSICO, TÉCNICO E TECNOLÒGICO MP 431/2008"
1126,"PROFESSOR ENSINO BÁSICO, TÉCNICO E TECNOLÓGICO"
813,Diretor de Iluminação
814,Diretor de Imagem
824,Engenheiro de Segurança do Trabalho
825,Estatístico
371,AUXILIAR DE FARMACIA
372,AUXILIAR DE IND E CONS DE ALIMENTOS
385,DOBRADOR
386,ENCANADOR/AREA
186,JORNALISTA DIAGRAMADOR
187,MONTADOR DE FILME
224,TECNICO EM MOVEIS E ESQUADRIAS
225,TECNICO EM MUSICA
311,AUXILIAR DE ALFAIATE
312,AUXILIAR DE CARPINTARIA
319,AUXILIAR DE MARCENARIA
320,AUXILIAR DE OFIC DE INST MUSICAIS
348,AUXILIAR DE LACTARIO
349,AUXILIAR DE MECANICA
381,COMPOSITOR GRAFICO
382,COSTUREIRO
409,SELEIRO
410,SERINGUEIRO
1,ENGENHEIRO OPERACIONAL
2,TECNOLOGO/FORMACAO
5,ADVOGADO
6,ANALISTA DE SISTEMAS
7,ANTROPOLOGO
8,ARQUEOLOGO
9,ARQUITETO
10,ARQUIVISTA
11,ASSISTENTE JURIDICO
12,ASSISTENTE SOCIAL
13,ASTRONOMO
14,AUDITOR
17,BIOMEDICO
18,CIRURGIAO-DENTISTA
21,COREOGRAFO
22,DECORADOR
25,DIRETOR DE FOTOGRAFIA
26,DIRETOR DE ILUMINACAO
33,EDITOR
34,ENFERMEIRO
71,PEDAGOGO/HABILITACAO
72,PSICOLOGO
111,CURVADOR DE TUBOS DE VIDROS
112,DATILOGRAFO
117,ENCADERNADOR
118,FOTOGRAFO
202,TECNICO EM ECONOMIA DOMESTICA
203,TECNICO EM EDIFICACOES
236,TECNICO EM SUP DE SIST COMPUTACIONAIS
237,TECNICO EM TELECOMUNICACOES
305,AUXILIAR DE SAPATEIRO
308,SERVENTE DE OBRAS
340,VESTIARISTA
341,ACOUGUEIRO
363,APONTADOR
364,ARMADOR
377,BARBEIRO
378,BARQUEIRO
383,COZINHEIRO
384,DESENHISTA COPISTA
57,GEOGRAFO
58,GEOLOGO
74,PROGRAMADOR CULTURAL
75,PROGRAMADOR VISUAL
80,RESTAURADOR/ESPECIALIDADE
81,RELACOES PUBLICAS
119,FOTOGRAVADOR
120,FRESADOR
139,VIDREIRO
140,VIGILANTE
309,ASCENSORISTA
310,ASSISTENTE DE ESTUDIOS
323,AUXILIAR DE SOLDADOR
324,CARVOEJADOR
344,ASSISTENTE DE MONTAGEM
345,ATENDENTE DE CONSULTORIO/AREA
817,Diretor de Som
818,Economista
854,Analista de Tecnologia da Informação
855,Odontólogo - 30 h
155,MESTRE/OFICIO
156,OPERADOR DE GERADOR DE CARACTERES
168,TECNICO ANATOMIA NECROPSIA
169,TECNICO AQUICULTURA
365,ARMAZENISTA
366,AUXILIAR DE AGROPECUARIA
875,Teólogo
876,Tradutor Interprete
935,Técnico de Tecnologia da Informação
936,Eletricista
973,Recepcionista
974,Revisor de Provas Tipográficas
985,Técnico em Herbáreo
986,Técnico em Higiene Dental
61,MATEMATICO
62,MEDICO
84,SANITARISTA
85,SECRETARIO EXECUTIVO
92,TRADUTOR E INTERPRETE
93,ZOOTECNISTA
242,COZINHEIRO
243,AUXILIAR DE BIBLIOTECA
133,OPERADOR DE MAQUINAS FOTO-COMPOSITORA
134,OPERADOR DE TELE-IMPRESSORA
151,DATILOGRAFO DE TEXTOS GRAFICOS
152,ELETRICISTA DE ESPETACULO
174,TECNICO MICROFILMAGEM
175,TECNICO OTICA
222,TECNICO EM METEOROLOGIA
223,TECNICO EM MINERACAO
230,TECNICO EM RADIOLOGIA
231,TECNICO EM REABILITACAO OU FISIOTERAPIA
240,TELEFONISTA
241,AUXILIAR DE ENFERMAGEM
346,ATENDENTE DE ENFERMAGEM
347,AUXILIAR DE ELETRICISTA
375,AUXILIAR DE NUTRICAO
376,AUXILIAR DE PROCESSAMENTO DE DADOS
775,PESSOAL DOCENTE - IFES
776,MAGISTÉRIO SUPERIOR DE 1 E 2 GRAUS LEI 7596/87
787,"PESSOAL TEC/ADM - IFE (NA) SUB-GR 1,2,3,4,5"
788,PESSOAL TEC/ADM - IFE (NA) SUB-GR 6
795,Arqueólogo
796,Arquiteto  Urbanista
31,ECONOMISTA
32,ECONOMISTA DOMESTICO
67,MUSICO-TERAPEUTA
68,NUTRICIONISTA
76,PUBLICITARIO
77,QUIMICO
82,REVISOR DE TEXTOS
83,ROTEIRISTA
90,TERAPEUTA OCUPACIONAL
91,TEOLOGO
121,GUARDA FLORESTAL
122,IMPOSITOR
127,MECANICO/AREA
128,MOTORISTA
135,PLAINADOR DE METAIS
136,REVISOR DE PROVAS TIPOGRAFICAS
188,OPERADOR DE CAMARA DE TV
189,OPERADOR DE MESA DE CORTE
194,TECNICO EM AGROPECUARIA
195,TECNICO EM ALIM E LATICINIOS
214,TECNICO EM GEOLOGIA
215,TECNICO EM HIGIENE DENTAL
220,TECNICO EM MECANICA
221,TECNICO EM METALURGIA
234,TECNICO EM SECRETARIADO
235,TECNICO EM SEGURANCA DO TRABALHO
301,AUXILIAR OPERACIONAL
302,AUXILIAR RURAL
327,COPEIRO
328,LANCHEIRO
395,MOTOCICLISTA
396,OPERADOR DE CAIXA
785,"PESSOAL TEC/ADM - IFE(NM) SUB-GR 1,2,3"
786,PESSOAL TEC/ADM - IFE (NM) SUB-GR 4
801,Auditor
802,Bibliotecário-Documentalista
828,Filósofo
829,Físico
838,Matemático
839,Médico-Área
933,Técnico em Curtume e Tanagem
934,Discotecário
941,Fotógrafo
942,Fotogravador
969,Operador de Máquinas de Terraplanagem
970,Operador de Rádio Telecomunicações
989,Técnico de Laboratório Área
990,Técnico em Mecânica
163,AUXILIAR TECNICO PROC. DE DADOS
164,INSTRUMENTADOR CIRURGICO
184,DESENHISTA TECNICO/ESPECIALIDADE
185,EDITOR VIDEO-TAPE
23,DESENHISTA INDUSTRIAL
24,DIRETOR DE ESPETACULO
41,ENGENHEIRO ELETRICISTA
42,ENGENHEIRO ELETRONICO
78,REDATOR
79,REGENTE
88,TECNICO EM ASSUNTOS EDUCACIONAIS
89,TECNICO EM ARTES CENICAS
99,TESOUREIRO
101,AFINADOR DE INSTRUMENTOS MUSICAIS
107,AUXILIAR DE TOPOGRAFIA
108,AUXILIAR DE VETERINARIA E ZOOTECNIA
113,DETONADOR
114,DIGITADOR
131,OPERADOR DE DESTILARIA
132,OPERADOR DE ESTACAO TRATAMENTO D'AGUA
143,ASSISTENTE DE ALUNOS
144,ASSISTENTE DE DIRECAO ARTES CENICAS
149,CONTRA-REGRA
150,COSTUREIRO DE ESPETACULO/CENARIO
228,TECNICO EM PROTESE DENTARIA
229,TECNICO EM QUIMICA
313,AUXILIAR DE CHAP/LANT/FUNILEIRO
314,AUXILIAR DE DOBRADOR
783,PESSOAL TÉCNICO - ADMINISTRATIVO
784,PESSOAL TEC/ADM - IFE (NS)
791,PESSOAL TÉCNICO-ADMINISTRATIVO PCCTAE
792,CLASSE E - PCCTAE
859,Publicitário
860,Químico
877,Zootecnista
878,CLASSE D - PCCTAE
891,Instrumentador Cirúrgico
892,Ascensorista
901,Almoxarife
902,Recreacionista
909,Auxiliar de Saúde
910,Técnico em Alimentos e Laticínios
919,Técnico em Aerofotogrametria
920,Taxidermista
927,Técnico em Cartografia
928,Técnico em Cinematografia
232,TECNICO EM REFRIG. E AR CONDICIONADO
233,TECNICO EM SANEAMENTO
329,OLEIRO
330,PORTEIRO
178,TECNICO SOM
179,TECNICO TELEFONIA
190,PROGRAMADOR DE COMPUTADOR
191,REVISOR DE TEXTOS BRAILLE
401,PADEIRO
402,PAGINADOR
781,PROFESSOR DE 1 E 2 GRAUS - SUBSTITUTO
782,PROFESSOR DE 1 E 2 GRAUS - VISITANTE
805,Comandante de Lancha
806,Comandante de Navio
821,Enfermeiro-Area
822,Enfermeiro do Trabalho
823,Engenheiro-Area
842,Mestre Regional
843,Meteorologista
856,Odontólogo - 40 h
858,Programador Visual
865,Revisor de Textos
866,Roteirista
873,Tecnólogo-Formação
874,Terapeuta Ocupacional
881,CLASSE B - PCCTAE
882,CLASSE A - PCCTAE
1007,Armazenista
1008,Arrais
1021,Técnico em Química
1022,Técnico em Radiologia
39,ENGENHEIRO DE CONTROLE QUALIDADE
40,ENGENHEIRO DE PRODUCAO
55,FISIOTERAPEUTA
56,FONOAUDIOLOGO
196,TECNICO EM ARQUIVO
197,TECNICO EM ARTES GRAFICAS
204,TECNICO EM EDUCACAO FISICA
205,TECNICO EM ELETRICIDADE
212,TECNICO EM ESTRADA
213,TECNICO EM FARMACIA
218,TECNICO DE LABORATORIO/AREA
219,TECNICO EM MANUTENCAO DE AUDIO/VIDEO
317,AUXILIAR DE FORJADOR DE METAIS
318,AUXILIAR DE FUNDICAO DE METAIS
325,CHAVEIRO
326,CONTINUO
226,TECNICO EM NUTR E DIETETICA
227,TECNICO EM ORTOPTICA
379,CARPINTEIRO
380,CHAPEADOR/FUNILEIRO/LANTERNEIRO
389,FUNDIDOR DE METAIS
390,GARCON
407,SALVA-VIDAS
408,SAPATEIRO
123,IMPRESSOR
124,LABORATORISTA/AREA
170,TECNICO AUDIOVISUAL
171,TECNICO EQUIPAMENTO MEDICO-ODONTOLOGICO
180,TRANSCRITOR SISTEMA BRAILLE
181,ASSISTENTE EM ADMINISTRACAO
200,TECNICO EM CONTABILIDADE
201,TECNICO EM CURTUME E TANAGEM
361,AJUSTADOR MECANICO
362,ALFAIATE
373,AUXILIAR DE LABORATORIO
374,AUXILIAR DE METEOROLOGIA
397,OPERADOR DE MAQUINAS AGRICOLAS
398,OPERADOR DE MAQ DE CONST CIVIL
192,TECNICO EM AEROFOTOGRAMETRIA
193,TECNICO EM AGRIMENSURA
208,TECNICO EM ELETROTECNICA
209,TECNICO EM ENFERMAGEM
367,AUXILIAR DE ANATOMIA E NECROPSIA
368,AUXILIAR DE ARTES GRAFICAS
387,ESTOFADOR
388,FORJADOR DE METAIS
811,Diretor de Artes Cênicas
812,Diretor de Fotografia
819,Economista Doméstico
820,Editor de Publicações
826,Farmacêutico-Habilitação
827,Figurinista
871,Técnico em Assuntos Educacionais
872,Tecnólogo em Cooperativismo
889,Editor de Imagem
890,Afinador de Instrumentos Musicais
911,Auxiliar de Topografia
912,Técnico em Arquivo
921,Condutor Motorista Fluvial
922,Técnico em Anatomia e Necrópsia
943,Guarda Florestal
944,Hialotécnico
949,Linotipista
950,Técnico em Educação Física
957,Mecânico de Montagem e Manutenção
958,Maquinista de Artes Cênicas
965,Operador de Luz
966,Operador de Máquinas Agrícolas
975,Técnico em Eletroeletrônica
976,Salva-Vidas
997,Vidreiro
998,Detonador
1017,Auxiliar de Agropecuária
1018,Técnico em Ortóptica
1031,Tradutor Interprete de Linguagem Sinais
1032,Transcritor de Sistema Braille
1059,Estofador
1060,Garçom
1067,Mestre de Redes
1068,Motociclista
1079,Auxiliar de Indústria e Conservação de Alimentos
1080,Auxiliar Operacional
1097,Assistente de Estúdios
1098,Carvoejador
1109,Engenheiro Agrônomo
1110,Farmacêutico
1153,CARGO ISOLADO - MAG. SUPERIOR - LEI 12.772/2012
1154,PROFESSOR TITULAR-LIVRE - MAGIST SUPERIOR
1161,AUXILIAR DE ESCRITÓRIO
1162,CAIXA
1384,AUXILIAR DE SERVIÇOS GERAIS
1385,AUXILIAR A
1151,PROFESSOR MAGISTÉRIO SUPERIOR - VISITANTE
1152,PROFESSOR MAGISTÉRIO SUPERIOR - TEMPORÁRIO
1089,Auxiliar de Fundição de Metais
1090,Auxiliar de Infra-Estrutura e Manutenção-Área
1139,PROFESSOR ENSINO BÁS.TÉCNICO E TECNOLÓGICO - TEMPORÁRIO
1140,ANALISTA B
1149,PROFESSOR DO MAGISTÉRIO SUPERIOR
1150,PROFESSOR MAGISTÉRIO SUPERIOR - SUBSTITUTO
1159,PROFESSOR MAGISTÉRIO SUPERIOR - VISITANTE
1160,PROFESSOR MAGISTÉRIO SUPERIOR - TEMPORÁRIO
1224,PROGRAMADOR
1244,AUXILIAR DE ENFERMAGEM
1027,Técnico em Segurança do Trabalho
1028,Técnico em Som
1087,Auxiliar de Estofador
1088,Auxiliar de Forjador de Metais
1099,Chaveiro
1100,Lavadeiro
1117,Desenhista Técnico Especialidade
1118,Mecânico Apoio Marítimo
1147,"PROFESSOR ENSINO BÁSICO, TÉCNICO E TECNOLÓGICO - TEMPORÁRIO"
1148,MAGISTÉRIO SUPERIOR - LEI 12.772/2012
1157,PROFESSOR DO MAGISTÉRIO SUPERIOR
1158,PROFESSOR MAGISTÉRIO SUPERIOR - SUBSTITUTO
1207,MÉDICO
1208,LABORATORISTA
903,Técnico em Agrimensura
904,Auxiliar em Assuntos Educacionais
939,Encadernador
940,Encanador Bombeiro
1049,Barqueiro
1050,Carpinteiro
1019,Técnico em Ótica
1020,Técnico em Prótese Dentária
1073,Pintor-Área
1074,Pintor de Construção Cênica e Painéis
1095,Auxiliar de Serralheiro
1096,Auxiliar de Soldador
1105,Taifeiro Fluvial
1106,Taifeiro Marítimo
1286,AUXILIAR OPERACIONAL EM ASSUNTOS EDUCACIONAIS
1304,Chefia Hemocentro/HUSM
807,Contador
808,Coreógrafo
830,Fisioterapeuta
831,Fonoaudiólogo
846,Músico-Terapeuta
847,Nutricionista-Habilitação
863,Restaurador-Área
864,Relações Públicas
883,Assistente de Direção e Produção
884,Confeccionador de Instrumentos Musicais
905,Auxiliar de Biblioteca
906,Técnico em Agropecuária
915,Camareiro de Espetáculo
916,Técnico em Artes Gráficas
925,Contínuo
926,Cozinheiro
931,Cozinheiro de Embarcações
932,Datilógrafo de Textos Gráficos
937,Eletricista de Espetáculo
938,Técnico em Economia Doméstica
945,Impositor
946,Impressor
1119,Técnico em Eletricidade
1120,Técnico em Estatística
1127,PROFESSOR TITULAR DO ENSINO BÁSICO
1128,PROFESSOR ENSINO BÁS.TÉCNICO E TECNOLÓGICO-SUBSTITUTO
1131,BOLSISTA RECÉM-MESTRE
1132,DOCENTE DE OUTRA IES
1137,ENGENHEIRO AGRÔNOMO
1138,PROFESSOR 3 GRAU - Temporário
1325,FORÇA DE TRABALHO
1326,Técnico de Tecnologia Militar
1023,Técnico em Reabilitação ou Fisioterapia
1024,Técnico em Refrigeração
848,Oceanólogo
849,Ortoptista
867,Sanitarista
868,Secretário Executivo
885,Desenhista-Projetista
886,Desenhista de Artes Gráficas
893,Assistente de Aluno
894,Mestre de Edificações e Infraestrutura
899,Auxiliar em Administração
900,Aderecista
923,Costureiro de Espetáculo Cenário
924,Técnico em Audiovisual
981,Técnico em Estradas
982,Técnico Equipamento Médico Odontológico
999,Açougueiro
1000,Ajustador Mecânico
861,Redator
862,Regente
1011,Técnico em Música
1012,Assistente de Câmera
19,COMUNICOLOGO
20,CONTADOR
51,FARMACEUTICO BIOQUIMICO
52,FIGURINISTA
216,TECNICO EM HIDROLOGIA
217,TECNICO EM INSTRUMENTACAO
303,SERVENTE DE LIMPEZA
304,AUXILIAR DE COZINHA
315,AUXILIAR DE ENCANADOR
316,AUXILIAR DE ESTOFADOR
342,ASSISTENTE DE AUDIO/VIDEO/VIDEO-TAPE
343,ASSISTENTE DE CAMERA
393,MASSAGISTA
394,MATEIRO
414,OPERADOR DE MAQUINAS DE LAVANDERIA
450,CARGO DE DIRECAO SEM VINCULO
793,Administrador
794,Antropólogo
803,Biólogo
804,Biomédico
809,Decorador
810,Desenhista Industrial
834,Cenógrafo
835,Historiador
844,Museólogo
845,Músico
369,AUXILIAR DE CRECHE
370,AUXILIAR DE CURTUME E TANANTES
403,PEDREIRO
404,PINTOR/AREA
411,SERRALHEIRO
412,SOLDADOR
779,PROFESSOR 3 GRAU - Visitante
780,PROFESSOR DE 1 E 2 GRAUS
797,Arquivista
798,Assistente Social
1424,CLASSE E - PCCTAE - MÉDICO E MÉDICO VETERINÁRIO
1425,Médico-Área
1426,Médico Veterinário
